{
  "diarization error rate": 0.06608966711454647,
  "jaccard error rate": 0.14101148641435923
}